us00001,Alejandro,Correa,alejandro.correa50@hotmail.com,<5sfad654as1!,Colombia,Cundinamarca,Bogota,sub11111
us00002,Daniel,Roldan,danielroldan123@yahoo.es,165684,Colombia,Antioquia,Tamesis,sub11112
us00003,Camila,Jimenez,camijime23@gmail.com,"qleccstv15!23""#",Colombia,Meta,Villavicencio,sub11113
us00004,Emerson,Arboleda,emerson.arboleda@unal.edu.co,juan1609,Colombia,Antioquia,Medellin,sub11114
us00005,Santiago,Hernandez,santihe150597@gmail.com,jlsfañl45,Colombia,Santander,San Gil,sub11115
us00006,Keyla,Smith,keylasmith2@outlook.com,hs5dsgfñ,Unite State,Florida,Tampa,sub11116
us00007,Liz,Brown,lizzb@hotmail.com,12345678,Unite State,New York,Brooklyn,sub11117
us00008,Hank,Jones,hankyjones@yahoo.com,"adsrg5ww5r8""",Unite State,New Jersey,Newark,sub11118
us00009,Rosie,Miller,millerrosie@gmail.com,159487362,Unite State,Arkansas,Hot Sping,sub11119
us00010,Yaneth,David,yaneth.david@tutanota.net,"!""$sR44)159",Unite State,Nevada,Las Vagas,sub11120
us00011,Anne,Moreu,annemoreu@algo.com,Anne159ssQ,France,Nantes,Malakoff,sub11121
us00012,Celina,Fourner,celinaf222@germanmail.de,celinafourner1.,France,Toulouse,Minimes,sub11122
us00013,Albert,Müller,albert.muller@gmail.de,562123120g,Germany,Hamburgo,Ottensen,sub11123
us00014,Hilma,Koch,hilmakoch233445@hotmail.com,mkgswio52315,Germany,Bremen,Walle,sub11124
us00015,Ming,Zhao,ming.zhao@gmail.com,159256398..,China,Hong Kong,Ma Tau Wai,sub11125